{
  "numeric_features": [
    "lag_0",
    "lag_1",
    "lag_2",
    "lag_4",
    "rolling_mean_4",
    "rolling_sum_4",
    "ewma_4",
    "neighbor_lag_0",
    "neighbor_lag_1",
    "neighbor_roll_mean_4",
    "neighbor_ewma_4",
    "self_neighbor_ratio_lag0",
    "lag1_share_theft_larceny",
    "lag1_share_assault_battery",
    "lag1_share_burglary",
    "lag1_share_robbery",
    "lag1_share_motor_vehicle_theft",
    "lag1_share_drug_narcotics",
    "month",
    "weekofyear",
    "quarter",
    "sin_weekofyear",
    "cos_weekofyear",
    "region_train_mean",
    "region_train_std",
    "region_train_count",
    "region_seen_in_train"
  ],
  "categorical_features": [],
  "numeric_median": {
    "lag_0": 138.0,
    "lag_1": 138.0,
    "lag_2": 138.0,
    "lag_4": 138.0,
    "rolling_mean_4": 138.5,
    "rolling_sum_4": 554.0,
    "ewma_4": 138.7214704259462,
    "neighbor_lag_0": 137.2173913043478,
    "neighbor_lag_1": 137.30434782608697,
    "neighbor_roll_mean_4": 136.3967391304348,
    "neighbor_ewma_4": 136.34907707710036,
    "self_neighbor_ratio_lag0": 1.0552514236739836,
    "lag1_share_theft_larceny": 0.29714285714285715,
    "lag1_share_assault_battery": 0.3933333333333333,
    "lag1_share_burglary": 0.05194805194805195,
    "lag1_share_robbery": 0.04964539007092199,
    "lag1_share_motor_vehicle_theft": 0.06829268292682927,
    "lag1_share_drug_narcotics": 0.027777777777777776,
    "month": 7.0,
    "weekofyear": 27.0,
    "quarter": 3.0,
    "sin_weekofyear": -3.216245299353273e-16,
    "cos_weekofyear": -1.8369701987210297e-16,
    "region_train_mean": 146.26789168278532,
    "region_train_std": 28.124365986629087,
    "region_train_count": 517.0,
    "region_seen_in_train": 1.0
  },
  "numeric_mean": {
    "lag_0": 134.104609929078,
    "lag_1": 134.15272404900065,
    "lag_2": 134.17488716956802,
    "lag_4": 134.0519825918762,
    "rolling_mean_4": 134.12846550612508,
    "rolling_sum_4": 536.5138620245003,
    "ewma_4": 134.0952592508245,
    "neighbor_lag_0": 134.104609929078,
    "neighbor_lag_1": 134.15272404900065,
    "neighbor_roll_mean_4": 134.12846550612508,
    "neighbor_ewma_4": 134.0952592508245,
    "self_neighbor_ratio_lag0": 1.0086049675345514,
    "lag1_share_theft_larceny": 0.31368043988386385,
    "lag1_share_assault_battery": 0.36870726351106925,
    "lag1_share_burglary": 0.05608021616466133,
    "lag1_share_robbery": 0.051225104185153116,
    "lag1_share_motor_vehicle_theft": 0.07905607633473749,
    "lag1_share_drug_narcotics": 0.051302479546562633,
    "month": 6.518375241779497,
    "weekofyear": 26.738878143133462,
    "quarter": 2.5106382978723403,
    "sin_weekofyear": -0.0018145203928791672,
    "cos_weekofyear": -0.005413356308832991,
    "region_train_mean": 134.104609929078,
    "region_train_std": 27.441719848668797,
    "region_train_count": 517.0,
    "region_seen_in_train": 1.0
  },
  "numeric_std": {
    "lag_0": 62.68699570656603,
    "lag_1": 62.713085877081795,
    "lag_2": 62.732230380155414,
    "lag_4": 62.77223847026934,
    "rolling_mean_4": 61.071912594062255,
    "rolling_sum_4": 244.28765037624902,
    "ewma_4": 60.97124115041372,
    "neighbor_lag_0": 20.430829121896842,
    "neighbor_lag_1": 20.43562337722768,
    "neighbor_roll_mean_4": 19.49068609613373,
    "neighbor_ewma_4": 19.33309092762736,
    "self_neighbor_ratio_lag0": 0.45259370990850717,
    "lag1_share_theft_larceny": 0.16404767968315587,
    "lag1_share_assault_battery": 0.15038855536778167,
    "lag1_share_burglary": 0.038383820060711775,
    "lag1_share_robbery": 0.03162903872985722,
    "lag1_share_motor_vehicle_theft": 0.057760502009294466,
    "lag1_share_drug_narcotics": 0.06872683401998166,
    "month": 3.419444748665237,
    "weekofyear": 14.94967370243028,
    "quarter": 1.1119114959298042,
    "sin_weekofyear": 0.7086285589089408,
    "cos_weekofyear": 0.7055586216522729,
    "region_train_mean": 54.89196777554774,
    "region_train_std": 12.855331176156314,
    "region_train_count": 1.0,
    "region_seen_in_train": 1.0
  },
  "categorical_values": {},
  "output_feature_names": [
    "lag_0",
    "lag_1",
    "lag_2",
    "lag_4",
    "rolling_mean_4",
    "rolling_sum_4",
    "ewma_4",
    "neighbor_lag_0",
    "neighbor_lag_1",
    "neighbor_roll_mean_4",
    "neighbor_ewma_4",
    "self_neighbor_ratio_lag0",
    "lag1_share_theft_larceny",
    "lag1_share_assault_battery",
    "lag1_share_burglary",
    "lag1_share_robbery",
    "lag1_share_motor_vehicle_theft",
    "lag1_share_drug_narcotics",
    "month",
    "weekofyear",
    "quarter",
    "sin_weekofyear",
    "cos_weekofyear",
    "region_train_mean",
    "region_train_std",
    "region_train_count",
    "region_seen_in_train"
  ]
}